{
"lengthUnit": "mil",
"components": {
	"fields": ["COMPONENT_NO", "COMPONENT_NAME", "LAYER", "X_COORDINATE", "Y_COORDINATE", "ANGLE"],
	"rows": [
		[1, "BUZZER1", "T", 284.4, 404.84, 90],
		[2, "C1", "T", 2210, 941.94, 0],
		[3, "C2", "T", 1660.28, 1175.61, 180],
		[4, "C3", "T", 2192.51, 1986.95, 0],
		[5, "C4", "T", 251.37, 1860.24, 90],
		[6, "C5", "T", 556, 569, 90],
		[7, "C6", "T", 655, 2241, 270],
		[8, "C7", "T", 1345.94, 394.17, 0],
		[9, "C8", "T", 526, 2240, 90],
		[10, "C9", "T", 657, 2057, 270],
		[11, "CN1", "T", 1259.84, 2246.04, 180],
		[12, "CN2", "T", 1771.65, 2246.04, 180],
		[13, "D1", "T", 2042, 1660.94, 270],
		[14, "DC1", "T", 2198.9, 417.32, 90],
		[15, "LED1", "T", 114.17, 106.3, 0],
		[16, "LED2", "T", 551.18, 106.3, 180],
		[17, "Q1", "T", 595.51, 391.95, 90],
		[18, "Q2", "B", 332, 1245, 0],
		[19, "Q3", "B", 334, 1090, 0],
		[20, "R1", "T", 260.51, 84.95, 270],
		[21, "R2", "T", 687, 520, 270],
		[22, "R3", "T", 401.51, 101.95, 270],
		[23, "R4", "B", 1103.51, 174.95, 270],
		[24, "R5", "B", 933.51, 174.95, 270],
		[25, "R6", "B", 1018.51, 174.95, 270],
		[26, "R7", "B", 848.51, 174.95, 270],
		[27, "R8", "T", 357.7, 1860.24, 270],
		[28, "R9", "B", 1071.67, 1964.52, 90],
		[29, "R10", "B", 1067.51, 1622.95, 0],
		[30, "R11", "B", 1011.51, 1779.95, 90],
		[31, "R12", "T", 615, 1857, 0],
		[32, "R13", "B", 511, 1056, 180],
		[33, "R14", "T", 521, 2056, 90],
		[34, "R15", "B", 507, 1161, 180],
		[35, "RJ1", "T", 976.06, 378.71, 0],
		[36, "SW1", "T", 410.51, 1674.95, 180],
		[37, "SW2", "T", 800.8, 1676.74, 0],
		[38, "U1", "T", 1850, 876.94, 180],
		[39, "U2", "T", 1396.51, 1096.95, 90],
		[40, "U3", "T", 1143.51, 1261.95, 0],
		[41, "U4", "T", 669.29, 1172.36, 90],
		[42, "U5", "T", 1753.51, 1004.95, 0],
		[43, "U6", "T", 1419, 697, 90],
		[44, "U7", "T", 866.14, 2049.19, 180],
		[45, "USB1", "T", 1555, 158, 0]
	]
},
"pins": {
	"fields": ["PIN_NO", "PIN_NAME", "PIN_X", "PIN_Y", "LAYER", "PIN_TYPE", "NET_NAME", "NET_TYPE", "PAD_SHAPE", "PAD_SIZEX", "PAD_SIZEY", "HOLE_SIZE", "PAD_ANGLE"],
	"rows": [
		[1, "BUZZER1_1", 284.4, 255.24, "T", "DIP", "+5V", "", "C", 70.87, 70.87, 39.37, 90],
		[2, "BUZZER1_1", 284.4, 255.24, "B", "DIP", "+5V", "", "C", 70.87, 70.87, 39.37, 90],
		[3, "BUZZER1_2", 284.4, 554.45, "T", "DIP", "$1N13811", "", "C", 70.87, 70.87, 39.37, 90],
		[4, "BUZZER1_2", 284.4, 554.45, "B", "DIP", "$1N13811", "", "C", 70.87, 70.87, 39.37, 90],
		[5, "C1_1", 2170.63, 941.94, "T", "SMD", "DC12", "", "R", 55.51, 53.15, 0, 0],
		[6, "C1_2", 2249.37, 941.94, "T", "SMD", "GND", "GND", "R", 55.51, 53.15, 0, 0],
		[7, "C2_1", 1699.65, 1175.61, "T", "SMD", "GND", "GND", "R", 55.51, 53.15, 0, 180],
		[8, "C2_2", 1620.91, 1175.61, "T", "SMD", "+5V", "", "R", 55.51, 53.15, 0, 180],
		[9, "C3_1", 2123.61, 1986.95, "T", "DIP", "VM", "", "C", 62.99, 62.99, 39.37, 90],
		[10, "C3_1", 2123.61, 1986.95, "B", "DIP", "VM", "", "C", 62.99, 62.99, 39.37, 90],
		[11, "C3_2", 2261.41, 1986.95, "T", "DIP", "GND", "GND", "C", 62.99, 62.99, 39.37, 90],
		[12, "C3_2", 2261.41, 1986.95, "B", "DIP", "GND", "GND", "C", 62.99, 62.99, 39.37, 90],
		[13, "C4_1", 251.37, 1820.87, "T", "SMD", "ESP32_RST", "", "R", 55.51, 53.15, 0, 90],
		[14, "C4_2", 251.37, 1899.61, "T", "SMD", "GND", "GND", "R", 55.51, 53.15, 0, 90],
		[15, "C5_1", 556, 529.63, "T", "SMD", "GND", "GND", "R", 55.51, 53.15, 0, 90],
		[16, "C5_2", 556, 608.37, "T", "SMD", "3V3", "", "R", 55.51, 53.15, 0, 90],
		[17, "C6_1", 655, 2280.37, "T", "SMD", "3V3", "", "R", 55.51, 53.15, 0, 270],
		[18, "C6_2", 655, 2201.63, "T", "SMD", "GND", "GND", "R", 55.51, 53.15, 0, 270],
		[19, "C7_1", 1306.57, 394.17, "T", "SMD", "3V3", "", "R", 55.51, 53.15, 0, 0],
		[20, "C7_2", 1385.31, 394.17, "T", "SMD", "GND", "GND", "R", 55.51, 53.15, 0, 0],
		[21, "C8_1", 526, 2200.63, "T", "SMD", "GND", "GND", "R", 55.51, 53.15, 0, 90],
		[22, "C8_2", 526, 2279.37, "T", "SMD", "3V3", "", "R", 55.51, 53.15, 0, 90],
		[23, "C9_1", 657, 2096.37, "T", "SMD", "GND", "GND", "R", 55.51, 53.15, 0, 270],
		[24, "C9_2", 657, 2017.63, "T", "SMD", "$1N12513", "", "R", 55.51, 53.15, 0, 270],
		[25, "CN1_1", 1407.48, 2246.04, "T", "DIP", "2B_1", "", "R", 60, 62.99, 43.31, 180],
		[26, "CN1_1", 1407.48, 2246.04, "B", "DIP", "2B_1", "", "R", 60, 62.99, 43.31, 180],
		[27, "CN1_2", 1309.05, 2246.04, "T", "DIP", "2A_1", "", "C", 62.99, 62.99, 43.31, 180],
		[28, "CN1_2", 1309.05, 2246.04, "B", "DIP", "2A_1", "", "C", 62.99, 62.99, 43.31, 180],
		[29, "CN1_3", 1210.63, 2246.04, "T", "DIP", "1A_1", "", "C", 62.99, 62.99, 43.31, 180],
		[30, "CN1_3", 1210.63, 2246.04, "B", "DIP", "1A_1", "", "C", 62.99, 62.99, 43.31, 180],
		[31, "CN1_4", 1112.2, 2246.04, "T", "DIP", "1B_1", "", "C", 62.99, 62.99, 43.31, 180],
		[32, "CN1_4", 1112.2, 2246.04, "B", "DIP", "1B_1", "", "C", 62.99, 62.99, 43.31, 180],
		[33, "CN2_1", 1919.29, 2246.04, "T", "DIP", "2B_2", "", "R", 60, 62.99, 43.31, 180],
		[34, "CN2_1", 1919.29, 2246.04, "B", "DIP", "2B_2", "", "R", 60, 62.99, 43.31, 180],
		[35, "CN2_2", 1820.86, 2246.04, "T", "DIP", "2A_2", "", "C", 62.99, 62.99, 43.31, 180],
		[36, "CN2_2", 1820.86, 2246.04, "B", "DIP", "2A_2", "", "C", 62.99, 62.99, 43.31, 180],
		[37, "CN2_3", 1722.44, 2246.04, "T", "DIP", "1A_2", "", "C", 62.99, 62.99, 43.31, 180],
		[38, "CN2_3", 1722.44, 2246.04, "B", "DIP", "1A_2", "", "C", 62.99, 62.99, 43.31, 180],
		[39, "CN2_4", 1624.01, 2246.04, "T", "DIP", "1B_2", "", "C", 62.99, 62.99, 43.31, 180],
		[40, "CN2_4", 1624.01, 2246.04, "B", "DIP", "1B_2", "", "C", 62.99, 62.99, 43.31, 180],
		[41, "D1_1", 2042, 1753.88, "T", "SMD", "VM", "", "R", 80.61, 86.31, 0, 270],
		[42, "D1_2", 2042, 1568, "T", "SMD", "DC12", "", "R", 80.61, 86.31, 0, 270],
		[43, "DC1_1", 2106.31, 535.43, "T", "DIP", "DC12", "", "O", 165.35, 70.87, 137.79, 180],
		[44, "DC1_1", 2106.31, 535.43, "B", "DIP", "DC12", "", "O", 165.35, 70.87, 137.79, 180],
		[45, "DC1_2", 2106.31, 299.21, "T", "DIP", "GND", "GND", "O", 157.48, 70.87, 129.92, 0],
		[46, "DC1_2", 2106.31, 299.21, "B", "DIP", "GND", "GND", "O", 157.48, 70.87, 129.92, 0],
		[47, "DC1_3", 2291.48, 417.31, "T", "DIP", "GND", "GND", "O", 157.48, 70.87, 129.92, 90],
		[48, "DC1_3", 2291.48, 417.31, "B", "DIP", "GND", "GND", "O", 157.48, 70.87, 129.92, 90],
		[49, "LED1_1", 64.18, 106.3, "T", "DIP", "GND", "GND", "C", 62.99, 62.99, 35.43, 180],
		[50, "LED1_1", 64.18, 106.3, "B", "DIP", "GND", "GND", "C", 62.99, 62.99, 35.43, 180],
		[51, "LED1_2", 164.18, 106.3, "T", "DIP", "$1N12220", "", "C", 62.99, 62.99, 35.43, 180],
		[52, "LED1_2", 164.18, 106.3, "B", "DIP", "$1N12220", "", "C", 62.99, 62.99, 35.43, 180],
		[53, "LED2_1", 601.18, 106.3, "T", "DIP", "STA", "", "C", 65, 65, 35.43, 0],
		[54, "LED2_1", 601.18, 106.3, "B", "DIP", "STA", "", "C", 65, 65, 35.43, 0],
		[55, "LED2_2", 501.18, 106.3, "T", "DIP", "$1N13967", "", "C", 65, 65, 35.43, 90],
		[56, "LED2_2", 501.18, 106.3, "B", "DIP", "$1N13967", "", "C", 65, 65, 35.43, 90],
		[57, "Q1_1", 632.91, 431.32, "T", "SMD", "$1N13815", "", "R", 49.21, 27.56, 0, 90],
		[58, "Q1_2", 558.11, 431.32, "T", "SMD", "GND", "GND", "R", 49.21, 27.56, 0, 90],
		[59, "Q1_3", 595.51, 352.58, "T", "SMD", "$1N13811", "", "R", 49.21, 27.56, 0, 90],
		[60, "Q2_1", 371.37, 1282.4, "B", "SMD", "$1N13187", "", "R", 49.21, 27.56, 0, 0],
		[61, "Q2_2", 371.37, 1207.6, "B", "SMD", "DTR", "", "R", 49.21, 27.56, 0, 0],
		[62, "Q2_3", 292.63, 1245, "B", "SMD", "FLASH", "", "R", 49.21, 27.56, 0, 0],
		[63, "Q3_1", 373.37, 1127.4, "B", "SMD", "$1N13188", "", "R", 49.21, 27.56, 0, 0],
		[64, "Q3_2", 373.37, 1052.6, "B", "SMD", "RTS", "", "R", 49.21, 27.56, 0, 0],
		[65, "Q3_3", 294.63, 1090, "B", "SMD", "ESP32_RST", "", "R", 49.21, 27.56, 0, 0],
		[66, "R1_1", 260.51, 124.32, "T", "SMD", "$1N12220", "", "R", 44.59, 54.21, 0, 270],
		[67, "R1_2", 260.51, 45.58, "T", "SMD", "3V3", "", "R", 44.59, 54.21, 0, 270],
		[68, "R2_1", 687, 559.37, "T", "SMD", "AUX8", "", "R", 44.59, 54.21, 0, 270],
		[69, "R2_2", 687, 480.63, "T", "SMD", "$1N13815", "", "R", 44.59, 54.21, 0, 270],
		[70, "R3_1", 401.51, 141.32, "T", "SMD", "$1N13967", "", "R", 44.59, 54.21, 0, 270],
		[71, "R3_2", 401.51, 62.58, "T", "SMD", "GND", "GND", "R", 44.59, 54.21, 0, 270],
		[72, "R4_1", 1103.51, 214.32, "B", "SMD", "RA+(ST4_RA_E)", "", "R", 44.59, 54.21, 0, 270],
		[73, "R4_2", 1103.51, 135.58, "B", "SMD", "3V3", "", "R", 44.59, 54.21, 0, 270],
		[74, "R5_1", 933.51, 214.32, "B", "SMD", "DE+(ST4_DEC_N)", "", "R", 44.59, 54.21, 0, 270],
		[75, "R5_2", 933.51, 135.58, "B", "SMD", "3V3", "", "R", 44.59, 54.21, 0, 270],
		[76, "R6_1", 1018.51, 214.32, "B", "SMD", "DE-(ST4_DEC_S)", "", "R", 44.59, 54.21, 0, 270],
		[77, "R6_2", 1018.51, 135.58, "B", "SMD", "3V3", "", "R", 44.59, 54.21, 0, 270],
		[78, "R7_1", 848.51, 214.32, "B", "SMD", "RA-(ST4_RA_W)", "", "R", 44.59, 54.21, 0, 270],
		[79, "R7_2", 848.51, 135.58, "B", "SMD", "3V3", "", "R", 44.59, 54.21, 0, 270],
		[80, "R8_1", 357.7, 1899.61, "T", "SMD", "3V3", "", "R", 44.59, 54.21, 0, 270],
		[81, "R8_2", 357.7, 1820.87, "T", "SMD", "ESP32_RST", "", "R", 44.59, 54.21, 0, 270],
		[82, "R9_1", 1071.67, 1925.15, "B", "SMD", "3V3", "", "R", 44.59, 54.21, 0, 90],
		[83, "R9_2", 1071.67, 2003.89, "B", "SMD", "EN12", "", "R", 44.59, 54.21, 0, 90],
		[84, "R10_1", 1028.14, 1622.95, "B", "SMD", "TXTMC", "", "R", 44.59, 54.21, 0, 0],
		[85, "R10_2", 1106.88, 1622.95, "B", "SMD", "RXTMC", "", "R", 44.59, 54.21, 0, 0],
		[86, "R11_1", 1011.51, 1740.58, "B", "SMD", "TXTMC", "", "R", 44.59, 54.21, 0, 90],
		[87, "R11_2", 1011.51, 1819.32, "B", "SMD", "3V3", "", "R", 44.59, 54.21, 0, 90],
		[88, "R12_1", 575.63, 1857, "T", "SMD", "3V3", "", "R", 44.59, 54.21, 0, 0],
		[89, "R12_2", 654.37, 1857, "T", "SMD", "FLASH", "", "R", 44.59, 54.21, 0, 0],
		[90, "R13_1", 550.37, 1056, "B", "SMD", "RTS", "", "R", 44.59, 54.21, 0, 180],
		[91, "R13_2", 471.63, 1056, "B", "SMD", "$1N13187", "", "R", 44.59, 54.21, 0, 180],
		[92, "R14_1", 521, 2016.63, "T", "SMD", "$1N12513", "", "R", 44.59, 54.21, 0, 90],
		[93, "R14_2", 521, 2095.37, "T", "SMD", "3V3", "", "R", 44.59, 54.21, 0, 90],
		[94, "R15_1", 546.37, 1161, "B", "SMD", "DTR", "", "R", 44.59, 54.21, 0, 180],
		[95, "R15_2", 467.63, 1161, "B", "SMD", "$1N13188", "", "R", 44.59, 54.21, 0, 180],
		[96, "RJ1_1", 1076.45, 428.71, "T", "DIP", "RA+(ST4_RA_E)", "", "R", 62.99, 62.99, 39.37, 180],
		[97, "RJ1_1", 1076.45, 428.71, "B", "DIP", "RA+(ST4_RA_E)", "", "R", 62.99, 62.99, 39.37, 180],
		[98, "RJ1_2", 1036.29, 328.71, "T", "DIP", "DE+(ST4_DEC_N)", "", "C", 62.99, 62.99, 39.37, 180],
		[99, "RJ1_2", 1036.29, 328.71, "B", "DIP", "DE+(ST4_DEC_N)", "", "C", 62.99, 62.99, 39.37, 180],
		[100, "RJ1_3", 996.13, 428.71, "T", "DIP", "DE-(ST4_DEC_S)", "", "C", 62.99, 62.99, 39.37, 180],
		[101, "RJ1_3", 996.13, 428.71, "B", "DIP", "DE-(ST4_DEC_S)", "", "C", 62.99, 62.99, 39.37, 180],
		[102, "RJ1_4", 955.98, 328.71, "T", "DIP", "RA-(ST4_RA_W)", "", "C", 62.99, 62.99, 39.37, 180],
		[103, "RJ1_4", 955.98, 328.71, "B", "DIP", "RA-(ST4_RA_W)", "", "C", 62.99, 62.99, 39.37, 180],
		[104, "RJ1_5", 915.82, 428.71, "T", "DIP", "GND", "GND", "C", 62.99, 62.99, 39.37, 180],
		[105, "RJ1_5", 915.82, 428.71, "B", "DIP", "GND", "GND", "C", 62.99, 62.99, 39.37, 180],
		[106, "RJ1_6", 875.66, 328.71, "T", "DIP", "+5V", "", "C", 62.99, 62.99, 39.37, 180],
		[107, "RJ1_6", 875.66, 328.71, "B", "DIP", "+5V", "", "C", 62.99, 62.99, 39.37, 180],
		[108, "SW1_1", 566.02, 1674.95, "T", "SMD", "GND", "GND", "R", 59.05, 39.37, 0, 180],
		[109, "SW1_2", 255, 1674.95, "T", "SMD", "ESP32_RST", "", "R", 59.05, 39.37, 0, 180],
		[110, "SW2_1", 645.29, 1676.74, "T", "SMD", "GND", "GND", "R", 59.05, 39.37, 0, 0],
		[111, "SW2_2", 956.31, 1676.74, "T", "SMD", "FLASH", "", "R", 59.05, 39.37, 0, 0],
		[112, "U1_1", 1950, 876.94, "T", "DIP", "DC12", "", "C", 70.87, 70.87, 39.37, 180],
		[113, "U1_1", 1950, 876.94, "B", "DIP", "DC12", "", "C", 70.87, 70.87, 39.37, 180],
		[114, "U1_2", 1850, 876.94, "T", "DIP", "GND", "GND", "C", 70.87, 70.87, 39.37, 180],
		[115, "U1_2", 1850, 876.94, "B", "DIP", "GND", "GND", "C", 70.87, 70.87, 39.37, 180],
		[116, "U1_3", 1750, 876.94, "T", "DIP", "+5V", "", "C", 70.87, 70.87, 39.37, 180],
		[117, "U1_3", 1750, 876.94, "B", "DIP", "+5V", "", "C", 70.87, 70.87, 39.37, 180],
		[118, "U2_1", 1508.12, 1006.4, "T", "SMD", "GND", "GND", "R", 97.24, 38.58, 0, 0],
		[119, "U2_2", 1508.12, 1096.95, "T", "SMD", "VCC3.3V", "", "R", 97.24, 38.58, 0, 0],
		[120, "U2_3", 1508.12, 1187.5, "T", "SMD", "+5V", "", "R", 97.24, 38.58, 0, 0],
		[121, "U2_4", 1284.9, 1096.95, "T", "SMD", "3V3", "", "R", 97.24, 141.73, 0, 0],
		[122, "U3_1", 1193.51, 2011.95, "T", "DIP", "EN12", "", "C", 60, 60, 35, 0],
		[123, "U3_1", 1193.51, 2011.95, "B", "DIP", "EN12", "", "C", 60, 60, 35, 0],
		[124, "U3_2", 1193.51, 1911.95, "T", "DIP", "GND", "GND", "C", 60, 60, 35, 0],
		[125, "U3_2", 1193.51, 1911.95, "B", "DIP", "GND", "GND", "C", 60, 60, 35, 0],
		[126, "U3_3", 1193.51, 1811.95, "T", "DIP", "GND", "GND", "C", 60, 60, 35, 0],
		[127, "U3_3", 1193.51, 1811.95, "B", "DIP", "GND", "GND", "C", 60, 60, 35, 0],
		[128, "U3_4", 1193.51, 1711.95, "T", "DIP", "U3_4", "", "C", 60, 60, 35, 0],
		[129, "U3_4", 1193.51, 1711.95, "B", "DIP", "U3_4", "", "C", 60, 60, 35, 0],
		[130, "U3_5", 1193.51, 1611.95, "T", "DIP", "RXTMC", "", "C", 60, 60, 35, 0],
		[131, "U3_5", 1193.51, 1611.95, "B", "DIP", "RXTMC", "", "C", 60, 60, 35, 0],
		[132, "U3_6", 1193.51, 1511.95, "T", "DIP", "U3_6", "", "C", 60, 60, 35, 0],
		[133, "U3_6", 1193.51, 1511.95, "B", "DIP", "U3_6", "", "C", 60, 60, 35, 0],
		[134, "U3_7", 1193.51, 1411.95, "T", "DIP", "STP1", "", "C", 60, 60, 35, 0],
		[135, "U3_7", 1193.51, 1411.95, "B", "DIP", "STP1", "", "C", 60, 60, 35, 0],
		[136, "U3_8", 1193.51, 1311.95, "T", "DIP", "DIR1", "", "C", 60, 60, 35, 0],
		[137, "U3_8", 1193.51, 1311.95, "B", "DIP", "DIR1", "", "C", 60, 60, 35, 0],
		[138, "U3_9", 1693.51, 1311.95, "T", "DIP", "GND", "GND", "C", 60, 60, 35, 0],
		[139, "U3_9", 1693.51, 1311.95, "B", "DIP", "GND", "GND", "C", 60, 60, 35, 0],
		[140, "U3_10", 1693.51, 1411.95, "T", "DIP", "3V3", "", "C", 60, 60, 35, 0],
		[141, "U3_10", 1693.51, 1411.95, "B", "DIP", "3V3", "", "C", 60, 60, 35, 0],
		[142, "U3_11", 1693.51, 1511.95, "T", "DIP", "1B_1", "", "C", 60, 60, 35, 0],
		[143, "U3_11", 1693.51, 1511.95, "B", "DIP", "1B_1", "", "C", 60, 60, 35, 0],
		[144, "U3_12", 1693.51, 1611.95, "T", "DIP", "1A_1", "", "C", 60, 60, 35, 0],
		[145, "U3_12", 1693.51, 1611.95, "B", "DIP", "1A_1", "", "C", 60, 60, 35, 0],
		[146, "U3_13", 1693.51, 1711.95, "T", "DIP", "2A_1", "", "C", 60, 60, 35, 0],
		[147, "U3_13", 1693.51, 1711.95, "B", "DIP", "2A_1", "", "C", 60, 60, 35, 0],
		[148, "U3_14", 1693.51, 1811.95, "T", "DIP", "2B_1", "", "C", 60, 60, 35, 0],
		[149, "U3_14", 1693.51, 1811.95, "B", "DIP", "2B_1", "", "C", 60, 60, 35, 0],
		[150, "U3_15", 1693.51, 1911.95, "T", "DIP", "GND", "GND", "C", 60, 60, 35, 0],
		[151, "U3_15", 1693.51, 1911.95, "B", "DIP", "GND", "GND", "C", 60, 60, 35, 0],
		[152, "U3_16", 1693.51, 2011.95, "T", "DIP", "VM", "", "C", 60, 60, 35, 0],
		[153, "U3_16", 1693.51, 2011.95, "B", "DIP", "VM", "", "C", 60, 60, 35, 0],
		[154, "U4_1", 314.76, 818.03, "T", "SMD", "GND", "GND", "R", 118.11, 39.37, 0, 90],
		[155, "U4_2", 364.76, 818.03, "T", "SMD", "3V3", "", "R", 118.11, 39.37, 0, 90],
		[156, "U4_3", 414.76, 818.03, "T", "SMD", "ESP32_RST", "", "R", 118.11, 39.37, 0, 90],
		[157, "U4_4", 464.76, 818.03, "T", "SMD", "U4_4", "", "R", 118.11, 39.37, 0, 90],
		[158, "U4_5", 514.76, 818.03, "T", "SMD", "RXTMC", "", "R", 118.11, 39.37, 0, 90],
		[159, "U4_6", 564.76, 818.03, "T", "SMD", "RA-(ST4_RA_W)", "", "R", 118.11, 39.37, 0, 90],
		[160, "U4_7", 614.76, 818.03, "T", "SMD", "DE+(ST4_DEC_N)", "", "R", 118.11, 39.37, 0, 90],
		[161, "U4_8", 664.76, 818.03, "T", "SMD", "DE-(ST4_DEC_S)", "", "R", 118.11, 39.37, 0, 90],
		[162, "U4_9", 714.76, 818.03, "T", "SMD", "RA+(ST4_RA_E)", "", "R", 118.11, 39.37, 0, 90],
		[163, "U4_10", 764.76, 818.03, "T", "SMD", "AUX8", "", "R", 118.11, 39.37, 0, 90],
		[164, "U4_11", 814.76, 818.03, "T", "SMD", "DIR2", "", "R", 118.11, 39.37, 0, 90],
		[165, "U4_12", 864.76, 818.03, "T", "SMD", "STP2", "", "R", 118.11, 39.37, 0, 90],
		[166, "U4_13", 914.76, 818.03, "T", "SMD", "AUX3", "", "R", 118.11, 39.37, 0, 90],
		[167, "U4_14", 964.76, 818.03, "T", "SMD", "STA", "", "R", 118.11, 39.37, 0, 90],
		[168, "U4_15", 1023.82, 947.36, "T", "SMD", "GND", "GND", "R", 39.37, 118.11, 0, 90],
		[169, "U4_16", 1023.82, 997.36, "T", "SMD", "AUX4", "", "R", 39.37, 118.11, 0, 90],
		[170, "U4_17", 1023.82, 1047.36, "T", "SMD", "U4_17", "", "R", 39.37, 118.11, 0, 90],
		[171, "U4_18", 1023.82, 1097.36, "T", "SMD", "U4_18", "", "R", 39.37, 118.11, 0, 90],
		[172, "U4_19", 1023.82, 1147.36, "T", "SMD", "U4_19", "", "R", 39.37, 118.11, 0, 90],
		[173, "U4_20", 1023.82, 1197.36, "T", "SMD", "U4_20", "", "R", 39.37, 118.11, 0, 90],
		[174, "U4_21", 1023.82, 1247.36, "T", "SMD", "U4_21", "", "R", 39.37, 118.11, 0, 90],
		[175, "U4_22", 1023.82, 1297.36, "T", "SMD", "U4_22", "", "R", 39.37, 118.11, 0, 90],
		[176, "U4_23", 1023.82, 1347.36, "T", "SMD", "IO15", "", "R", 39.37, 118.11, 0, 90],
		[177, "U4_24", 1023.82, 1397.36, "T", "SMD", "IO2", "", "R", 39.37, 118.11, 0, 90],
		[178, "U4_25", 964.76, 1526.69, "T", "SMD", "FLASH", "", "R", 118.11, 39.37, 0, 90],
		[179, "U4_26", 914.76, 1526.69, "T", "SMD", "TXTMC", "", "R", 118.11, 39.37, 0, 90],
		[180, "U4_27", 864.76, 1526.69, "T", "SMD", "RX2", "", "R", 118.11, 39.37, 0, 90],
		[181, "U4_28", 814.76, 1526.69, "T", "SMD", "TX2", "", "R", 118.11, 39.37, 0, 90],
		[182, "U4_29", 764.76, 1526.69, "T", "SMD", "EN12", "", "R", 118.11, 39.37, 0, 90],
		[183, "U4_30", 714.76, 1526.69, "T", "SMD", "STP1", "", "R", 118.11, 39.37, 0, 90],
		[184, "U4_31", 664.76, 1526.69, "T", "SMD", "DIR1", "", "R", 118.11, 39.37, 0, 90],
		[185, "U4_32", 614.76, 1526.69, "T", "SMD", "U4_32", "", "R", 118.11, 39.37, 0, 90],
		[186, "U4_33", 564.76, 1526.69, "T", "SMD", "SDA", "", "R", 118.11, 39.37, 0, 90],
		[187, "U4_34", 514.76, 1526.69, "T", "SMD", "RX0", "", "R", 118.11, 39.37, 0, 90],
		[188, "U4_35", 464.76, 1526.69, "T", "SMD", "TX0", "", "R", 118.11, 39.37, 0, 90],
		[189, "U4_36", 414.76, 1526.69, "T", "SMD", "SCL", "", "R", 118.11, 39.37, 0, 90],
		[190, "U4_37", 364.76, 1526.69, "T", "SMD", "AUX7", "", "R", 118.11, 39.37, 0, 90],
		[191, "U4_38", 314.76, 1526.69, "T", "SMD", "GND", "GND", "R", 118.11, 39.37, 0, 90],
		[192, "U4_39", 597.83, 1128.86, "T", "SMD", "U4_39", "", "R", 141.73, 141.73, 0, 90],
		[193, "U5_1", 1803.51, 1754.95, "T", "DIP", "EN12", "", "C", 60, 60, 35, 0],
		[194, "U5_1", 1803.51, 1754.95, "B", "DIP", "EN12", "", "C", 60, 60, 35, 0],
		[195, "U5_2", 1803.51, 1654.95, "T", "DIP", "3V3", "", "C", 60, 60, 35, 0],
		[196, "U5_2", 1803.51, 1654.95, "B", "DIP", "3V3", "", "C", 60, 60, 35, 0],
		[197, "U5_3", 1803.51, 1554.95, "T", "DIP", "GND", "GND", "C", 60, 60, 35, 0],
		[198, "U5_3", 1803.51, 1554.95, "B", "DIP", "GND", "GND", "C", 60, 60, 35, 0],
		[199, "U5_4", 1803.51, 1454.95, "T", "DIP", "U5_4", "", "C", 60, 60, 35, 0],
		[200, "U5_4", 1803.51, 1454.95, "B", "DIP", "U5_4", "", "C", 60, 60, 35, 0],
		[201, "U5_5", 1803.51, 1354.95, "T", "DIP", "RXTMC", "", "C", 60, 60, 35, 0],
		[202, "U5_5", 1803.51, 1354.95, "B", "DIP", "RXTMC", "", "C", 60, 60, 35, 0],
		[203, "U5_6", 1803.51, 1254.95, "T", "DIP", "U5_6", "", "C", 60, 60, 35, 0],
		[204, "U5_6", 1803.51, 1254.95, "B", "DIP", "U5_6", "", "C", 60, 60, 35, 0],
		[205, "U5_7", 1803.51, 1154.95, "T", "DIP", "STP2", "", "C", 60, 60, 35, 0],
		[206, "U5_7", 1803.51, 1154.95, "B", "DIP", "STP2", "", "C", 60, 60, 35, 0],
		[207, "U5_8", 1803.51, 1054.95, "T", "DIP", "DIR2", "", "C", 60, 60, 35, 0],
		[208, "U5_8", 1803.51, 1054.95, "B", "DIP", "DIR2", "", "C", 60, 60, 35, 0],
		[209, "U5_9", 2303.51, 1054.95, "T", "DIP", "GND", "GND", "C", 60, 60, 35, 0],
		[210, "U5_9", 2303.51, 1054.95, "B", "DIP", "GND", "GND", "C", 60, 60, 35, 0],
		[211, "U5_10", 2303.51, 1154.95, "T", "DIP", "3V3", "", "C", 60, 60, 35, 0],
		[212, "U5_10", 2303.51, 1154.95, "B", "DIP", "3V3", "", "C", 60, 60, 35, 0],
		[213, "U5_11", 2303.51, 1254.95, "T", "DIP", "1B_2", "", "C", 60, 60, 35, 0],
		[214, "U5_11", 2303.51, 1254.95, "B", "DIP", "1B_2", "", "C", 60, 60, 35, 0],
		[215, "U5_12", 2303.51, 1354.95, "T", "DIP", "1A_2", "", "C", 60, 60, 35, 0],
		[216, "U5_12", 2303.51, 1354.95, "B", "DIP", "1A_2", "", "C", 60, 60, 35, 0],
		[217, "U5_13", 2303.51, 1454.95, "T", "DIP", "2A_2", "", "C", 60, 60, 35, 0],
		[218, "U5_13", 2303.51, 1454.95, "B", "DIP", "2A_2", "", "C", 60, 60, 35, 0],
		[219, "U5_14", 2303.51, 1554.95, "T", "DIP", "2B_2", "", "C", 60, 60, 35, 0],
		[220, "U5_14", 2303.51, 1554.95, "B", "DIP", "2B_2", "", "C", 60, 60, 35, 0],
		[221, "U5_15", 2303.51, 1654.95, "T", "DIP", "GND", "GND", "C", 60, 60, 35, 0],
		[222, "U5_15", 2303.51, 1654.95, "B", "DIP", "GND", "GND", "C", 60, 60, 35, 0],
		[223, "U5_16", 2303.51, 1754.95, "T", "DIP", "VM", "", "C", 60, 60, 35, 0],
		[224, "U5_16", 2303.51, 1754.95, "B", "DIP", "VM", "", "C", 60, 60, 35, 0],
		[225, "U6_1", 1532.09, 522, "T", "SMD", "GND", "GND", "O", 22.05, 68.7, 0, 90],
		[226, "U6_2", 1532.09, 572, "T", "SMD", "RX0", "", "O", 22.05, 68.7, 0, 90],
		[227, "U6_3", 1532.09, 622, "T", "SMD", "TX0", "", "O", 22.05, 68.7, 0, 90],
		[228, "U6_4", 1532.09, 672, "T", "SMD", "3V3", "", "O", 22.05, 68.7, 0, 90],
		[229, "U6_5", 1532.09, 722, "T", "SMD", "D+", "", "O", 22.05, 68.7, 0, 90],
		[230, "U6_6", 1532.09, 772, "T", "SMD", "D-", "", "O", 22.05, 68.7, 0, 90],
		[231, "U6_7", 1532.09, 822, "T", "SMD", "U6_7", "", "O", 22.05, 68.7, 0, 90],
		[232, "U6_8", 1532.09, 872, "T", "SMD", "U6_8", "", "O", 22.05, 68.7, 0, 90],
		[233, "U6_9", 1305.91, 872, "T", "SMD", "U6_9", "", "O", 22.05, 68.7, 0, 90],
		[234, "U6_10", 1305.91, 822, "T", "SMD", "U6_10", "", "O", 22.05, 68.7, 0, 90],
		[235, "U6_11", 1305.91, 772, "T", "SMD", "U6_11", "", "O", 22.05, 68.7, 0, 90],
		[236, "U6_12", 1305.91, 722, "T", "SMD", "U6_12", "", "O", 22.05, 68.7, 0, 90],
		[237, "U6_13", 1305.91, 672, "T", "SMD", "DTR", "", "O", 22.05, 68.7, 0, 90],
		[238, "U6_14", 1305.91, 622, "T", "SMD", "RTS", "", "O", 22.05, 68.7, 0, 90],
		[239, "U6_15", 1305.91, 572, "T", "SMD", "U6_15", "", "O", 22.05, 68.7, 0, 90],
		[240, "U6_16", 1305.91, 522, "T", "SMD", "3V3", "", "O", 22.05, 68.7, 0, 90],
		[241, "U7_1", 816.14, 1899.19, "T", "DIP", "GND", "GND", "R", 70.87, 70.87, 39.37, 270],
		[242, "U7_1", 816.14, 1899.19, "B", "DIP", "GND", "GND", "R", 70.87, 70.87, 39.37, 270],
		[243, "U7_2", 816.14, 1999.19, "T", "DIP", "U7_2", "", "C", 70.87, 70.87, 39.37, 270],
		[244, "U7_2", 816.14, 1999.19, "B", "DIP", "U7_2", "", "C", 70.87, 70.87, 39.37, 270],
		[245, "U7_3", 816.14, 2099.19, "T", "DIP", "U7_3", "", "C", 70.87, 70.87, 39.37, 270],
		[246, "U7_3", 816.14, 2099.19, "B", "DIP", "U7_3", "", "C", 70.87, 70.87, 39.37, 270],
		[247, "U7_4", 816.14, 2199.19, "T", "DIP", "TX2", "", "C", 70.87, 70.87, 39.37, 270],
		[248, "U7_4", 816.14, 2199.19, "B", "DIP", "TX2", "", "C", 70.87, 70.87, 39.37, 270],
		[249, "U7_5", 916.14, 1899.19, "T", "DIP", "RX2", "", "C", 70.87, 70.87, 39.37, 270],
		[250, "U7_5", 916.14, 1899.19, "B", "DIP", "RX2", "", "C", 70.87, 70.87, 39.37, 270],
		[251, "U7_6", 916.14, 1999.19, "T", "DIP", "$1N12513", "", "C", 70.87, 70.87, 39.37, 270],
		[252, "U7_6", 916.14, 1999.19, "B", "DIP", "$1N12513", "", "C", 70.87, 70.87, 39.37, 270],
		[253, "U7_7", 916.14, 2099.19, "T", "DIP", "U7_7", "", "C", 70.87, 70.87, 39.37, 270],
		[254, "U7_7", 916.14, 2099.19, "B", "DIP", "U7_7", "", "C", 70.87, 70.87, 39.37, 270],
		[255, "U7_8", 916.14, 2199.19, "T", "DIP", "3V3", "", "C", 70.87, 70.87, 39.37, 270],
		[256, "U7_8", 916.14, 2199.19, "B", "DIP", "3V3", "", "C", 70.87, 70.87, 39.37, 270],
		[257, "USB1_1", 1429.01, 251.51, "T", "SMD", "GND", "GND", "R", 21.65, 43.31, 0, 0],
		[258, "USB1_2", 1460.51, 251.51, "T", "SMD", "USB1_2", "", "R", 21.65, 43.31, 0, 0],
		[259, "USB1_3", 1486.1, 251.51, "T", "SMD", "USB1_3", "", "R", 11.81, 43.31, 0, 0],
		[260, "USB1_4", 1505.79, 251.51, "T", "SMD", "USB1_4", "", "R", 11.81, 43.31, 0, 0],
		[261, "USB1_5", 1525.47, 251.51, "T", "SMD", "D-", "", "R", 11.81, 43.31, 0, 0],
		[262, "USB1_6", 1545.15, 251.51, "T", "SMD", "D+", "", "R", 11.81, 43.31, 0, 0],
		[263, "USB1_7", 1564.84, 251.51, "T", "SMD", "D-", "", "R", 11.81, 43.31, 0, 0],
		[264, "USB1_8", 1584.52, 251.51, "T", "SMD", "D+", "", "R", 11.81, 43.31, 0, 0],
		[265, "USB1_9", 1604.21, 251.51, "T", "SMD", "USB1_9", "", "R", 11.81, 43.31, 0, 0],
		[266, "USB1_10", 1623.9, 251.51, "T", "SMD", "USB1_10", "", "R", 11.81, 43.31, 0, 0],
		[267, "USB1_11", 1649.49, 251.51, "T", "SMD", "USB1_11", "", "R", 21.65, 43.31, 0, 0],
		[268, "USB1_12", 1680.98, 251.51, "T", "SMD", "GND", "GND", "R", 21.65, 43.31, 0, 0],
		[269, "USB1_13", 1384.72, 229.86, "T", "DIP", "GND", "GND", "O", 43.31, 78.74, 59.05, 0],
		[270, "USB1_13", 1384.72, 229.86, "B", "DIP", "GND", "GND", "O", 43.31, 78.74, 59.05, 0],
		[271, "USB1_13", 1384.72, 64.5, "T", "DIP", "GND", "GND", "O", 47.24, 70.87, 47.24, 0],
		[272, "USB1_13", 1384.72, 64.5, "B", "DIP", "GND", "GND", "O", 47.24, 70.87, 47.24, 0],
		[273, "USB1_14", 1725.27, 229.86, "T", "DIP", "GND", "GND", "O", 43.31, 78.74, 59.06, 0],
		[274, "USB1_14", 1725.27, 229.86, "B", "DIP", "GND", "GND", "O", 43.31, 78.74, 59.06, 0],
		[275, "USB1_14", 1725.27, 64.5, "T", "DIP", "GND", "GND", "O", 47.24, 70.87, 47.24, 0],
		[276, "USB1_14", 1725.27, 64.5, "B", "DIP", "GND", "GND", "O", 47.24, 70.87, 47.24, 0]
	]
}
}